filename,peak_areas_std
01,3.525671727500505
03,3.950144881445983
04,2.8607626433559714
05,6.408631204120547
06,2.479102500650638
07,1.959565419589073
09,7.718852998364366
10,6.604392166584001
11,2.3292776283223366
12,5.052325618566031
13,7.132706810454262
15,23.630210495619533
16,6.429869031615585
17,2.4909850270175395
19,6.641553559913116
22,0.9147037401942273
23,1.3471130934491526
24,0.5514417477864968
25,3.9849863814425084
33,0.637598050281882
34,7.089330139712556
35,14.286162498066485
