filename,peak_areas_sum
01,1549.065
03,3251.8375000000024
04,1159.4874999999997
05,2805.653750000001
06,1544.5849999999998
07,3739.191250000001
09,4093.885
10,4179.916250000003
11,1860.5349999999999
12,3764.6099999999997
13,4940.06875
15,2527.7212500000005
16,3812.821250000002
17,1540.3387500000003
19,1065.7849999999994
22,2450.352500000001
23,2511.8275
24,2633.1212499999997
25,1228.5525
33,1369.2075
34,621.1225000000002
35,1270.5962499999998
