filename,rmean
01,2.151991150442478
03,0.9578215767634858
04,1.0743382352941182
05,0.7889784946236559
06,0.03510695187165774
07,1.3108510638297866
09,-0.602629482071713
10,2.1348499999999992
11,0.3937345679012346
12,-1.7671226415094334
13,1.5231400000000008
15,-1.6577848101265826
16,0.26038461538461505
17,0.9893147208121824
19,-0.35295238095238113
22,2.4245419847328242
23,2.299620689655173
24,2.077041139240507
25,0.91822
33,1.6477469135802465
34,-0.3334848484848486
35,1.69294776119403
